AIR FORCE SCHOOL," AIR FORCE STATION P O SATWARI JAMMU CANTT JAMMU JAMMU & KASHMIR ,180003",6344626929," arschool@nde.vsnl.net.in
",DR B R GUPTA, www.afsjammu.com
ARMY PUBLIC SCHOOL," OPP WAR MEMORIAL HALL SATWARI NEAR PEER BABA JAMMU CANTT JAMMU & KASHMIR ,180003",634446245," asjammucantt@rediffmail.com
",MRS ARCHANA KAKAR,
ARMY PUBLIC SCHOOL," NAGROTA - JAMMUR JAMMU & KASHMIR ,181221",1912673643," apsnagrota@gmail.com
 ",MRS. RUCHI BAHL,www.apsnagrota.in
ARMY PUBLIC SCHOOL," KALUCHAK P O GANGYAL JAMMU JAMMU & KASHMIR ,180010",1912482443," apskaluchak@gmail.com
 ",MRS. HEM LATA VISHEN,www.apskaluchak.com
ARMY PUBLIC SCHOOL," AKHNOOR JAMMU & KASHMIR ,180010",1924253224," asakhnoor1@rediffmail.com
",MR K C S MEHTA,
ARMY PUBLIC SCHOOL," DAMANA (MUTHI) JAMMU J & K ,181205",1923242383," armyschooldamana1@rediffmail.com
",DR RENU GUPTA,http://www.pcsjammu.org
ARMY PUBLIC SCHOOL," MARALIA MIRAN SAHIB JAMMU & KASHMIR ,181101",1913154," saagrika@nde.vsnl.net.in
 ",JASBIR KAUR,
ARMY PUBLIC SCHOOL," B D BARI TEHSIL SAMBA DISTT JAMMU JAMMU & KASHMIR ,181133",19232112," apsbdbari@gmail.com
 ",Mr. NEETA RAWAL,www.apsbdbari.org
ARMY PUBLIC SCHOOL," SAINIK COLONY RATNUCHAK P.O. JAMMU JAMMU & KASHMIR ,180011",8257271533," jgps_bellare@rediffmail.com
",MRS. VIJAY PURI,
ARMY PUBLIC SCHOOL," RAKHMUTHI JAMMU JAMMU & KASHMIR ,181202",191242863," rrlj@nde.vsnl.net.in
 ",MRS SATNAM KAUR,
ARMY PUBLIC SCHOOL," SAMBA DISTT JAMMU JAMMU KASHMIR ,184121",1923243102," apssamba@gmail.com
 ",MR. ARJUN SINGH,http://www.apssamba.co.in
"ARMY PUBLIC SCHOOL, SUNJUWAN, JAMMU"," C/O 36 INFANTRY BRIGADE (PIN-908036) C/O 56 APO ,180010",191246388," col.ds.jasrotia@gmail.com
",BEENU SETH,
B S F SR SEC SCHOOL," PALAURA CAMP JAMMU JAMMU & KASHMIR ,181124",1912543894,"
",DR. S.S. KHOKHAR,
BANYAN INTERNATIONAL SCHOOL," JEEVAN NAGAR ROAD,BABLIANA,P.O:-GADIGARH,JAMMU(J&K) ,181101",9086093551," principal@banyaninternationalschool.edu.in
",RAMESH T R,
BHARGAVA PUBLIC SCHOOL," BADHERI, SUPWAL ,184121",1923219445," vivekarora1122@gmail.com
 ",VIVEK ARORA,http://www.bhargavapublicschool.org
BHARTIYA VIDYA MANDIR," VED MANDIR AMBHALLA JAMMU ,180005",1912566474," rajmarhatta@gmail.com
",Rakesh Marhatta,
BIRLA OPEN MINDS INTERNATIONAL SCHOOL," NH-1A, CHANNI, DISTT. JAMMU, JAMMU & KASHMIR ,180011",1912464034," jpworldschool@gmail.com
 ",Jitinder Singh,http://www.jpworldschool.org
BRITISH INTERNATIONAL SCHOOL," SAINIK COLONY SECTOR D ,180011",1912468707," bisjmu123@gmail.com
 ",MRS.GITA SHARMA,http://www.bisjmu.com
CYBERNETICS SECONDARY SCHOOL," ARJUN VIHAR JUNJWANI JAMMU JAMMU & KASHMIR ,171001",1912480099," jhaschool_surat@yahoo.com
 ",SH B L KAUL,http://www.dpssurat.net
"DCM PUBLIC SCHOOL,"," GURHA BRAHMANA, AKHNOOR, JAMMU ,181201",1924254911," dcmpschoolakhnoor@gmail.com
 ",MRS.RAMA JAMWAL,http://www.dcmpublicschool.com
DELHI PUBLIC SCHOOL," MAHARAJA HARI SINGH MARG JAMMU JAMMU & KASHMIR ,180001",1912570480," ruchildin@gmail.com
",RUCHI CHABRA,
"DELHI PUBLIC SCHOOL NAGBANI, JAMMU - (WEST)"," ,181206",1912642873," dpsnagbani@gmail.com
 ",,http://www.dpsnagbani.com
"DEWAN BADRINATH VIDYA MANDIR, AMARVILLA"," 155, GARDEN AVENUE TALAB TILLO P.O.: VINYAK BAZAR ,180016",1912554200," principal.av@dbntrust.in
 ",PRAVEENA JHA,http://www.dbntrust.com
DOON INTERNATIONAL SCHOOL," CHOWADHI ,180011",1912104050," info@disjammu.com
 ",Mrs.VIKESH KAUR,http://www.disjammu.com
G. D. GOENKA PUBLIC SCHOOL," OPP. NAGBANI PANCHAYAT GHAR, GAJANSOO, MARH ROAD JAMMU ,181206",1912642900," principal@gdgoenkajammu.org
 ",Mr. Arindam Roy Choudhury,http://www.gdgoenkajammu.org
GALAXY PUBLIC SCHOOL," SEC: E (EXTN.), SAINIK COLONY, JAMMU ,180011",1912468452," schoolgalaxypublic@gmail.com
",Dr.C.M. Kohli,
HERITAGE SCHOOL," CHOWADI NAGA SECTOR D SAINIK COLONY JAMMU J & K ,180011",9086767666," jagachem@rediffmail.com
",JAGADISH SINGH DHAMI,
INTERNATIONAL DELHI PUBLIC SCHOOL," NEAR MATADOR STAND , SUNJWAN, JAMMU ,180011",9419197283," adm.idpsjmu@gmail.com
 ",MRS. RANDEEP WAZIR,http://www.idpsjammu.com
J K PUBLIC SCHOOL," KUNJWANI JAMMU JAMMU & KASHMIR ,180010",1912480070," jkpublicschool@gmail.com
",Vandana Sharma,
"J&K POLICE PUBLIC SCHOOL, MIRAN SAHIB, JAMMU"," MIRAN SAHIB, JAMMU JAMMU & KASHMIR , 181101 ,181101",1923264926," jkpps.jammu@nic.in
 ",MRS. RENUKA GULERIA,www.jkpolicepublicschool.com
JAMMU SANSKRITI SCHOOL," ISMAILPUR KOTHEY, NEAR SEHORA, JAMMU ,181132",7298508029," rohiniaimajmps@gmail.com
",ROHINI AIMA,
JAWAHAR NAVODAYA VIDYALAYA," VPO GHAROTA, DISTT JAMMU, J&K-181122 ,181122",1912624919," sharmababuanil59@gmail.com
",ANIL BABU SHARMA,
JAWAHAR NAVODAYA VIDYALAYA," N U D P W D RENTAL HOUSING COLONY SAMBA DISTT JAMMU JAMMU & KASHMIR ,184121",1923219097," jnv_nud_samba@yahoo.com
",SUKHRAJ KAUR,
JODHA MAL PUBLIC SCHOOL," CHANNI HIMMAT, JAMMU BYE PASS ROAD JAMMU (J&K) ,180011",1912466092," principaljodhamal@gmail.com
",Mr.Deep Khare,
K C INTERNATIONAL SCHOOL," AKHNOOR ROAD PALOURA JAMMU J & K ,180002",1912506230," principal.kcinternationalschool@gmail.com
",MAYA MISHRA,
K C PUBLIC SCHOOL," AKHNOOR ROAD JAMMU JAMMU & KASHMIR ,181205",1912552204," principal@kcpublicschool.org
 ",MR. AMARENDRA KUMAR MISHRA,www.kcpublicschool.org
"KC GURUKUL PUBLIC SCHOOL PALOURA, JAMMU"," KC GURUKUL PUBLIC SCHOOL HO 1B.C. ROAD JAMMU ,180002",1912501509," kcgurukuljmu@gmail.com
",Banashrii Bijoli Barman,
KENDRIYA VIDYALAYA," AMINOO, KULGAM JAMMU & KASHMIR ,400088",1931260104," kdeep0195@gmail.com
",DEEP KUMAR,
KENDRIYA VIDYALAYA," JOURIAN, JAMMU & KASHMIR-181 202 ,798601",1242015927,"
",.,
KENDRIYA VIDYALAYA," BANTALAB C R P F CAMPUS JAMMU JAMMU & KASHMIR ,181123",1912592007," vsanphy@gmail.com
 ",V SANTHOSH KUMAR,http://www.kvbantalab.org
KENDRIYA VIDYALAYA," NAGROTA, DISTT JAMMU, JAMMU & KASHMIR ,181221",1912673837," anuj8709@gmail.com
",ANUJ KUMAR,
KENDRIYA VIDYALAYA," MIRAN SAHIB JAMMU DISTT, JAMMU & KASHMIR ,181101",1923263260," agimonalex@yahoo.co.in
",AGIMON A CHELLAMCOTT,
KENDRIYA VIDYALAYA," DAMANA LALE DE BAGH P.O. VILLAGE SANGRAMPUR TEH. & DISTT.- JAMMU, JAMMU & KASHMIR ,180002",1912605970," crbhagat8@gmail.com
",C R BHAGAT,
KENDRIYA VIDYALAYA," JINDRAH P.O. KANYALAYA DISTT. JAMMU, JAMMU & KASHMIR ,180003",191661141," kvjindrah@gmail.com
 ",ISHPAL SINGH,www.kvjindrah.com
KENDRIYA VIDYALAYA," KALUCHAK AT SUNJUWAN, JAMMU P O. SAINIK COLONY JAMMU & KASHMIR ,180010",1912462357," manishtulijnv@gmail.com
",MANISH TULI,
KENDRIYA VIDYALAYA NO 1," AKHNOOR, DISTT JAMMU, JAMMU & KASHMIR ,181201",1924253250," SSINGH120@GMAIL.COM
",SURJEET SINGH,
KENDRIYA VIDYALAYA NO 1," NEAR GOAL MARKET, GANDHI NAGAR JAMMU JAMMU & KASHMIR ,180004",1912430137," trc.agt@rediffmail.com
",TILAK RAJ CHOUDHARY,
KENDRIYA VIDYALAYA NO 2," JAMMU CANTT JAMMU & KASHMIR ,180003",1912432436," principalkv2jammucantt@gmail.com
",BHUSHAN KUMAR,
MAHARAJA HARISINGH AGRICULTURAL COLLEGIATE SCHOOL," NAGBANI P O DUMANA JAMMU TAWI JAMMU & KASHMIR ,181206",1912604342," sweenpuri1957@gmail.com
 ",Sween Puri,www.mhacnagbani.com
MAHARAJA HARISINGH D A V CENTANARY PUBLIC SCHOOL," AKHNO JAMMU & KASHMIR ,181201",1924252437," mhdav2437@yahoo.com
",S SHARMA,
MAHARISHI VIDYA MANDIR," KATHUA W NO 14 OPP C T M JAMMU J & K ,184101",1922202384," arun_80sharma@yahoo.com
",Arun Kumar Sharma,
MAHARISHI VIDYA MANDIR PUBLIC SCHOOL," EXTN. SAINIK COLONY JAMMU JAMMU & KASHMIR ,180011",1912468521," sharmarita_61@yahoo.com
",Reeta Sharma,
MAHAVIR INTERNATIONAL SCHOOL," 17 MILES STONE NH IA PO VIJAY PUR TEHSIL SAMBA DISTT JAMMU J & K ,171001",1923212270," mvofficial01@gmail.com
",KUNDAN LAL DOGRA,
MODEL ACADEMY," B.C ROAD ,180001",1912546078," principal@modelacademy.in
 http://www.modelacademy.in",Pramod Kumar Srivastava,
PRESENTATION CONVENT HIGH SCHOOL," GANDHI NAGAR, JAMMU, JAMMU & KASHMIR ,180004",1912430086," hemabarretto@gmail.com
",Sr Hema Barretto, http://www.pcsjammu.g
R.M. PUBLIC SCHOOL," CHOWADHI, SAINIK COLONY ,180011",1912431187," rmpublicschool07@gmail.com
",MRS. RAVINDER KOUR,
"REGIONAL RESEARCH LABORATORY HIGH SCHOOL, CANAL ROAD JAMMU"," RRL HIGH SCHOOL,CANAL ROAD JAMMU ,180002",1912582860," rrlhighschool@gmail.com
 ",Mr.Jagdish Lal Sharma,http://www.iiim.res.in
RICH HARVEST SCHOOL," ,181133",1923220298," anitabhatia867@gmail.com
 ",ANITA BHATIA,http://www.richharvestschool.in
RMG INTERNATIONAL SCHOOL," VILL JANDIAL ,181122",9419224153," rmginternationalschool@gmail.com
 ",MRS. KANCHAN SANGA,http://www.rmginternational.in
S O S HERMANN GMEINER SCHOOL," GOLE GUJRAL TALAB TILLO JAMMU JAMMU & KASHMIR ,180002",1912501651," principal.jammuhgs@soscvindia.org
 ",Ramesh Kumar Dhar,http://www.ssrvm.org
SAINIK SCHOOL," NAGROTA JAMMU JAMMU & KASHMIR ,181221",1912673060," jmt.chinar@gmail.com
",MR. M P SINGH, sainikschoolnagrota.com
SANT HARE RAM DASS PUBLIC SCHOOL," PO: MANDAL ,180003",1912228885," vishal.manhas@gmail.com
",Mr.Vishal Manhas,
SPRINGDALES SCHOOL," LOWER BARNAI, RAJOURI LINES, AKHNOOR ROAD JAMMU ,181205",1912642444," gaurav.malhotra@springdales.in
 ",MRS.SEEMA GUPTA,http://www.springdales.org
STEPHENS INTERNATIONAL PUBLIC SCHOOL," NIHALPUR KULLIAN MIRAN SAHIB R S PURA J & K ,181101",1923266572," kuzlilmat@yahoo.com
",SHIBU MATHEW K,
THE CALLIOPE SCHOOL," VILLAGE DOOMI JAMMU- AKHNO HIGHWAY JAMMU ,181201",1912467588," calliopecalliope@gmail.com
",mrs.anju karki,
"VISHWA BHARATI PUBLIC HR. SEC. SCHOOL AKALPUR MORH, UDHEYWALLA, JAMMU"," VISHWA BHARATI PUBLIC HR. SEC. SCHOOL AKALPUR MORH, UDHEYWALLA, JAMMU ,181205",1912505885," anuguzarwan@gmail.com
 ",Annapurna Koul,http://www.vbpsjammu.in
